Neg,Pos,Stop,Foudingci
未意识到,繁荣,中,莫
贿赂,授予权利或方法,日,非
军队,欣赏,月,别
破坏,消除,年,不
受阻碍,难以置信地,人次,没
意外,平滑化,高低,无
迟延,有价值,大小,勿
懒惰,坚定,；,并非
关系到,优惠,、,别出
罪行,首次露面,。,别打
配错,肯定,，,别带
废物,激活,!,别动
唐突地,升任,#,别发
被惩罚,迷人,$,别烦
有过失,最合适,%,别放
收缩,迪莱特,&,别管
使加剧,发明物,',别开
无基金,无瑕疵地,(,别看
令人反感,专一,),别来
过高评价,协作,*,别理
熨烫衣物,更合适,+,别乱
逆地,合意人,",",别弄
未决审判,区别性,-,别惹
将封杀出局,能容纳,--,别是
造成浪费,勾结者,.,别说
失策,从事革命,..,别提
用钻研眼光地,好品质,...,别学
罢工,合作者,......,并不
淤塞,弹回,...................,不必
较正常价格多收,威望,./,不成
叛变,鼓励,.一,不出
生气,普罗斯珀,.数,不大
不合格折贴,奖励,.日,不当
免罪,轻视,/,不到
不可能存在,令人高兴事,//,不得
离间,成功地,0,不等
被扣留,最符合要求事物,1,不屌
不可立即兑现,使成为可能,2,不定
迫切,进步,3,不动
比转速快,创造者,4,不对
用于处理危机,良好祝愿,5,不多
阻挡,年长,6,不放
缺陷,热心地,7,不该
空转,一群赛马,8,不干
蔓延,区别地,9,不高
溶解力,卓越地,:,不搞
以轻视态度,情况好转,://,不给
申辩,受到优待,::,不够
无家可归者,解决,;,不管
破坏名誉,受欢迎,<,不行
驱逐,业绩,=,不好
隐藏,顺利地,>,不合
不足,强征,>>,不和
无法管束,乐观,?,不会
不生产,美好地,@,不及
原样,积极主动,A,不佳
悲伤,利益率,Lex,不见
溢缴款,恢复,[,不讲
担心,进展,\,不可
预设,令人兴奋事物,],不肯
不能挽回,得到,^,不快
无规律,成功者,_,不了
疾病,断然地,`,不理
不接受,增加自主权,exp,不利
使减轻,缓和,sub,不良
激烈争辩,同盟,sup,不灵
不适任,费尽心血,|,不买
缓慢移动,独家新闻,},不满
加重压于,壮观,~,不明
对阵参照,继承,~~~~,不能
抗争,沃西,·,不清
不整齐,可信任,×,不去
亏损,偏爱,×××,不全
打败,能够,Δ,不让
损伤,安定,Ψ,不认
使终结,革新消费者,γ,不容
违反运行规程,特殊地,μ,不如
缺乏资金,可尊敬,φ,不是
被忽视,生气勃勃,φ．,不说
使负担过重,值得称赞,В,不算
不录用,愿望,—,不通
劈出,康复,——,不妥
拒绝购买或合作,彻底改变,———,不像
简略,荣幸,‘,不信
异议分子,乐观主义,’,不需
用强迫手段获得,确信,’‘,不许
阴谋,奇异,“,不要
无力,专有地,”,不应
抵触,信用,”,不用
贫穷,翻转,…,不愿
精疲力尽,洛亚尔,……,不再
磨难,一批人,…………………………………………………③,不在
受伤,慷慨,′∈,不值
锐利地,声望,′｜,不止
绷紧,幸福,℃,不住
将局限于,更好地,Ⅲ,不准
遗失,心灵手巧,↑,不足
壮志未酬,有学问,→,不做
指控;陈述,斯特朗,∈［,从不
禁闭,打败,∪φ∈,都不
冲突,平滑部分,≈,而不
官能不良,作为唯一来源,①,还不
证明是假,达到预期目,②,还没
没有察觉,极好,②ｃ,毫不
有关,使相信,③,毫无
虚伪,向上,③］,很不
取消资格,上涨,④,决不
刺目,很,⑤,绝不
用力,创立,⑥,没错
使贬值,实现预期结果,⑦,没法
抗拒,杰出,⑧,没空
系统默认值,被推荐,⑨,没钱
不合格,长得像,⑩,没人
黯淡,接替,──,没用
被重新占有,报酬,■,没有
尽力,荣誉,▲,请别
持不同政见,变强,〈,无法
实验对象,惩戒性,〉,无关
受词,极大,《,无效
非盈利,称赞,》,无需
虐待,创造性,》）,无用
难以驾驭,奋力撞击,」,永不
不相容,决定性地,『,又不
按下,感到满意,』,又没
非常地,受到鼓舞,【,没戏
被禁止,得天独厚,】,阻止
并发症,令人钦佩,〔,制止
逮捕,盛产,〕,远非
跺脚曳步舞,优胜者,〕〔,绝非
玷污,戈德,㈧,决非
召唤,普罗格雷斯,一,否认
告发,引人注目,一.,否定
未经授权,改革,一一,难以
反复拨弄,出众,一下,短缺
缺乏经验,颤抖,一个,缺场
说谎,令人满意地,一些,缺数
相矛盾,说服,一何,稀缺
误算,重大,一切,缺少
不安状态,创新,一则,缺货
停止上市,利用,一则通过,未能
使极为悲痛,较大程度地,一天,未定
粗枋,乐事,一定,请勿
损失惨重,上级,一方面,勿食
间断,非常地,一旦,很差
无节制地,水栅,一时,差劲
因未到场而取消参赛资格,足够地,一来,差评
套缩,批准,一样,不堪
压扁,光滑,一次,不便
干涉,哈皮,一片,不宜
毅力,完成,一番,不负
过早,有魅力,一直,不顾
不完全地,优秀,一致,不想
停止点,独家报道,一般,匮乏
没收,稳重,一起,缺乏
反复说,有益于,一转眼,匿乏
严厉对待,称赞,一边,馈乏
使淤塞,智能数据工程与自动化学习 ,一面,窘乏
必要,沉稳,七,并不是
倾覆,稳定性,数量,并没有
不实用地,幸福,万元,不等于
反驳,激励,千元,不合理
制造混乱,狂热,百元,不靠谱
误用,要求,亿,不可能
倒下,支撑着,千万,不要紧
乞丐,恒心,百万,不一样
作检察官,赢得钱,十万,不用说
因受罚而丧失,力量,万,不争气
伤痛,有技巧,万一,不知道
颠覆,诚实,三,达不到
未经允许,超前,三天两头,得不到
不成功,恭维,三番两次,过不去
功能失调,灵感,三番五次,看不到
迟,明确地,上,来不及
背叛,推崇,上下,买不起
侵害,有利于,上升,没办法
辩解,温和地,上去,没想到
震惊,印记,上来,没有过
不完美,强劲地,上述,没有用
使无效,马厩,上面,上不去
被弃之物或人,不相配,下,受不了
贪污,更好,下列,想不到
回绝,用低沉声音讲话,下去,用不了
当纠察队,合作,下来,用不着
不能分辩,完整,下面,找不到
感到疼痛,迷惑力,不一,未生效
倾轧,飞速发展,不下,从未有
拒绝承认,可享乐地,不久,用不上
丧失,发明,不了,不像话
不适当,有帮助,不亦乐乎,不可以
敬畏,有使用权地,不仅,不足取
批评政府者,给予灵感,不仅...而且,顾不得
征用,完美地,不仅仅,不值得
使有裂纹,成功,不仅仅是,碰不得
亏本出售,梦境般事,不但,记不住
勾起,幸福地,不但...而且,成不了
大祸,前摄,不光,不入流
使受损,能赢牌,不免,不愿意
推说, 博姆,不单,容不得
不定,鼓动,不变,不熟悉
过高要价,收益性,不同,不能够
漏掉,稳定化,不外,不可比
使负担,区别,不外乎,瞧不上
已变质,温纳斯,不够,抗不住
缩略形式,增加,不妨,不安
驳回诉讼,通敌,不定,不错
无端,抢得篮板球,不少,不凡
未经宣布,达到,不尽,不坏
脱离常轨,丰富,不尽然,不悔
清算人,受益,不巧,不见得
不真实,迷人地,不已,不竭
姿势,通俗,不得不,不解
冷峻,有效地,不得了,不仅
瘸,舒适,不得已,不仅仅
不正,加强,不必,不尽
逆流,有益地,不怎么,不禁
滤去,忠心,不惟,不久
奚落,令人兴奋,不成,不绝
绝对,引人注目地,不拘,不可忘
违背者,改进过,不料,不料
拖欠,使铭记,不日,不能不
推辞,正直,不时,不叛
一阵狂风,获利多,不曾,不怯
指令,救济金,不止,不屈
不履行,值得拥有,不止一次,不然
剥离,渴望,不比,不仁
追诉时效,复发,不然,不忍
学生对女教师称呼,获胜者,不然话,不少
主旨,惊人地,不特,不亡
危害,最初,不独,不忘
使失去法律效力,良好,不由得,不惜
令人讨厌,虔诚,不知不觉,不暇
公正,允许,不管,不消
苦难,增长收益债券,不管怎样,不小心
俯视,保证,不经意,不孝
一点儿,有条件完成,不至于,不屑
夺去,活力,不若,不懈
停播,虚度光阴,不要,不幸
夸大叙述,有利可图,不论,不厌
训诫,绝对,不起,不至于
注意事项,热情,不足,从未
不能交谈,问候,不迭,防止
罚钱,有趣地,不问,非得
少报,尽管,与,开除
诉讼, 贝斯特,与其,无奈
抗辩,鼓舞,与其说,无人
盗用公款者,被吸引,与否,涨停
校正,最佳状态,与此同时,
重新协商,托木,专门,
广告推销,流行,且,
未加管教,超出,且不说,
空气悬浮物,奖励,且说,
不完美,偷窃,两者,
不起作用,想到,个,
禁止入内,大师,个人,
误传,决定,个别,
崩溃,非常,中小,
教唆,普及,中间,
有破坏性,增强型航空电子系统 ,串行,
耗尽,取回,临,
忽略,超越,临到,
托辞,引进,为,
使空虚,首要,为主,
仿造, 能,为了,
阻止,兴奋,为什么,
紊乱,在回弹中,为什麽,
更坏事,受尊敬,为何,
切牌,慈善事业,为止,
答辩状,恳求,为此,
拖曳,友善地,为着,
低速运转,好转,主张,
献身,使兴旺,主要,
关心事,养马场,举凡,
艰难险阻,报答,举行,
对手,独占权,乃,
耽搁,提升,乃至,
比较,压印,乃至于,
耻辱,给人印象,么,
无被选资格人,强项,之,
曲解地,发明,之一,
再指定,发明家,之前,
抛弃物,故意伤害,之后,
易受攻击,注定,之後,
被迫,感人地,之所以,
霸占,古怪,之类,
退化,令人满意,乌乎,
有效期限,容易地,乎,
未应要求其作用,最高标准,乒,
轻率,革命化,乘,
不名誉,合作,乘势,
陈列,虚构,乘机,
破产者,地位显赫,乘胜,
申明无罪,智能数据探索与分析实验室 ,乘虚,
过去,创新,乘隙,
未抓住,讨人喜欢,九,
磁化系数,和蔼可亲,也,
应付欠款,兴奋,也好,
阴谋者,平稳地,也就是说,
插嘴,创新性,也是,
疏远,壮观地,也罢,
受挫,乐意做某事,了,
怀疑,令人向往,了解,
不予理会、不予考虑,友好,争取,
没有利润,大众,二,
防守,例外,二来,
间离效果,不切实际,二话不说,
十分惊慌,在进行中,二话没说,
创伤,愉快,于,
关键地,卓越,于是,
使失去平衡,受尊重,于是乎,
开脱,吸气,云云,
反对,娱乐,云尔,
衰退期,特有性,互,
防止,充裕,互相,
武力,赢,五,
不平衡,产生事与愿违结果,些,
丢弃,机遇,交口,
毁谤,给予某人深刻印象,亦,
货币贬值,满足因素,产生,
遮住,学识,亲口,
未报销,荣誉、勋章,亲手,
不可恢复,有影响力人物,亲眼,
差,绝妙,亲自,
消灭,最高,亲身,
降职,令人印象深,人,
处罚,闪耀,人人,
静止,可仿效,人们,
站点,希望,人家,
疏忽,用途广泛,人民,
下级,高兴,什么,
有坏处,宠爱,什么样,
长期关闭,使人激动,什麽,
丑闻,卓越,仅,
使不活泼,适合于...,仅仅,
假想,梦见,今,
缺点,有功绩,今后,
不可能事,广受欢迎,今天,
冒险事,鄙视,今年,
矛盾因素,强化,今後,
出故障,乐观地,介于,
非现金,增进,仍,
未得到满足,开小差,仍旧,
大胜,首次上演,仍然,
降低速度,第一,从,
走走停停,非常卓越,从严,
破裂,多才多艺,从中,
退化,精巧装置,从事,
带来痛苦,无双,从今以后,
脆弱地,可靠,从优,
紧急救助,系列产品,从古到今,
革除,收藏夹,从古至今,
挫折,优异,从头,
被废弃,给人以深刻印象,从宽,
背弃,增强,从小,
拖拉,最好,从新,
容许,尊重,从无到有,
渎职,支撑,从早到晚,
疏忽,快乐地,从来,
失策,功效,从此,
被抛弃,盈利能力,从此以后,
负担,建设性地,从而,
压低,满腔热情地,从轻,
立定,不可思议,从速,
闭厂,擅长,从重,
肆无忌惮,印象,他,
厌恶,独特,他人,
多付款,受大众欢迎,他们,
矫正,分解,他是,
拒绝给,完美,他,
被激怒,轰鸣,代替,
未到期,透明,以,
更糟,较好者,以上,
戏弄,隆隆声,以下,
动摇,恰当地,以为,
时态,惊人,以便,
废词,符合要求,以免,
丧失,非凡地,以前,
被弃置,愿意,以及,
用力推进,长官,以后,
有牵连,赚到,以外,
不小心地,配得上,以後,
不如实叙述,受到赞扬,以故,
保密,支持,以期,
拆毁,精彩,以来,
担负,排外,以至,
遮掩,热情,以至于,
不准做某事,多才多艺,以致,
避开,改善,们,
毁灭性,确定性,任,
谢绝,恍惚,任何,
窘迫,更强壮,任凭,
认为,偏袒,任务,
溢出,使控制局势,伙同,
冒险,令人愉快,传,
慢,强壮,传闻,
有害地,抢,似乎,
反诉,独有,似,
有害人,领导阶层,但,
割下,丰饶,但凡,
辐射微尘,可信任,但愿,
不如实地叙述,首相,但是,
得胜,凿刀,何,
行为不良,谦恭,何乐而不为,
侵蚀,反弹,何以,
促使,有利,何况,
保温套,灿烂,何处,
刺激,无疑地,何妨,
难受,熟练,何尝,
排出,了不起,何必,
缩减,引起性欲,何时,
受损害,感人,何止,
遗弃,通敌者,何苦,
复杂,受感动,何须,
不实在,熟练,余外,
回想起,继续进行,作为,
有毒,有特色,你,
产生断层,祝贺,你们,
迟缓地,新方法,你是,
不能同时成立,想象,你,
不遵照准则,使意识到,使,
变形,古怪人,使得,
隐瞒,经济走强,使用,
踌躇,受益,例如,
间歇,推翻原有政府,依,
令人失望,可怕地,依据,
消失,杰出人物,依照,
执拗,重新获得,依靠,
蹒跚,可靠性,便,
偶然地,相称,保管,
放出,排外地,保险,
斥责,出色,俺,
从表上删除,高傲,俺们,
不安稳,一块平地,倍加,
仿冒品,给加软垫,倍感,
无能,受喜爱人,倒不如,
争夺,乐意,倒不如说,
无才能,头衔,倒是,
未按时来经,铅板,倘,
严重,忠诚,倘使,
爱挑剔,命定,倘或,
预谋,求爱,倘然,
陷害,与众不同,倘若,
失败,奖品,借,
效能最低,平稳,借以,
暴行,用功,借此,
流露不满,带有灵感,假使,
不安定, 斯特布尔,假如,
行不通,伟大,假若,
不可能,实现,偏偏,
使遭受危险,振动,做到,
困难,弄清,偶尔,
被迫交出,道贺,偶而,
使受伤,加固件,傥然,
无忧无虑地,辨别性,像,
办错,进行,儿,
影响,忠贞,允许,
流逝,对...有利,元／吨,
缴付不足,有乐趣,充其极,
怀偏见,有效率,充其量,
报警,真实,充分,
无力偿还,前进,先不先,
分心,授权,先后,
缩减,令人满足,先後,
玩忽职守,通用,先生,
声称,使强健,光,
有危险,收回,光是,
外伤,加固,全体,
迫使离开家园,能力更强者,全力,
障碍物,值得,全年,
敌对,可敬,全然,
使恐慌,关在马厩,全部,
夺,确实,全都,
受损,光滑地,全面,
重新放直,弄清楚,八,
越轨,突出,八成,
露出,最后地,公然,
切球,布斯特,六,
填塞,成为可能,兮,
使变黑,上司们,共,
无能力,最早,共同,
后面,推动,共总,
无根据, 温纳,关于,
剪切,充满生机,其,
激怒人,取得,其一,
腐败,公开展示,其中,
破碎,胜利,其二,
载重量,贵重,其他,
抵抗,使人有信心,其余,
不允许,巩固,其后,
变小,发明人,其它,
难以防守,有利地,其实,
停止做,联合,其次,
受鄙视,走得太快,具体,
无法投递,才思,具体地说,
执着,和睦,具体来说,
不落,声誉,具体说来,
不愿意,超过,具有,
最坏,享受,兼之,
施魔法于,变得更好,内,
跳伞,特殊性,再,
不适宜地,有利,再其次,
蔑视地,领导,再则,
好处,重新装订,再有,
误会,增强,再次,
使人沮丧,杰出,再者,
抛踢球得分,激动,再者说,
高利贷,协作,再说,
使混乱不清,睡梦,冒,
绘制,较大,决定,
已经了结,满足,况且,
未保过险,优良,准备,
烟道导管,占有利位置,凑巧,
抗辩,普雷斯蒂奇,凝神,
乞求,高手,几,
解散,支援,几乎,
无视,难以置信,几度,
捕食生物,承梁,几时,
不吸引人,善于接受,几番,
背离,滤波,几经,
不道德,故意使烦恼,凡,
骚乱,亲切地,凡是,
割,精通地,凭,
制图,继任,凭借,
屈服,愉快,出,
判罚,高度完美,出于,
使生裂缝,能手,出去,
摒弃,好处,出来,
掺杂,利益,出现,
禁运,更美好生活环境 ,分别,
桥接器,有修养,分头,
疑惑, 贝特尔,分期,
强行打开,使确信,分期分批,
夸张,有创造力地,则,
打官司,获得,则甚,
被侵蚀,盖恩,刚,
不便,有礼貌,刚好,
迫使放弃, 最好人,刚巧,
粗糙事物,古德,刚才,
不公平地,创新精神,初,
弱化,好意地,别,
失败地,融洽,别人,
使崩溃,使能够,别处,
滴下,自信,别是,
双骰子游戏,备受推崇,别,
不可收集,赠送,别管,
漠不关心,最大得益者,别说,
麻烦事,大大地,到,
声名狼藉,创造性,到了儿,
侵吞,充分地,到处,
丧气,行距,到头,
使局限,温,到头来,
恶意,最出色地,到底,
偶然,热心,到目前为止,
没有得到满足,帆桁,前后,
堵住,排外性,前此,
反叛者,被彻底改革,前者,
争论,已承兑或付款,前进,
可被收买,稳定化处理,前面,
不真实地,尊敬,加上,
设置炸药,引入,加之,
否决,廉正,加以,
坚持不懈,热心,加入,
取消,突然风靡时期,动不动,
说错,更熟练,动辄,
牺牲,和蔼地,勃然,
架桥,好,匆匆,
篱笆墙,有教育意义,十分,
撤职,许多,千,
抗议,精通,千万,
延时,有助益,千万千万,
控制不住地,宣扬,半,
不合适地代表,异常地,单,
非法占有,亲切,单单,
主语,万能,即,
察觉,赞同,即令,
免职,兵力,即使,
暴力地,推进,即便,
把关在圈中,博斯特,即刻,
负荷过重,使熟练,即如,
粗糙,发隆隆声,即将,
出故障,顺利,即或,
拒绝跨,快乐,即是说,
奉献,享有,即若,
裁定,最愉快,却,
失去勇气,渴望,却不,
参与者少,友好地,历,
回索,漂亮地,原来,
未经同意,变坚挺,去,
烧制,授权,又,
心烦, 博尔斯特,又及,
动荡,勤勉地,及,
弃权者,造诣,及其,
逐步升高,正,及时,
使混乱,异想天开,及至,
帮助某人脱离困境,变平滑,双方,
吃势,令人难忘地,反之,
超重,赞许,反之亦然,
裁决,创始,反之则,
不见,侮辱,反倒,
讨厌东西,受宠,反倒是,
错过,善行,反应,
隐藏,兴旺,反手,
心烦意乱,如愿以偿,反映,
更恶劣,变平静,反过来说,
造成萧条,随后,取道,
混淆,更恰当,受到,
祭祀,创造,变成,
做假动作,富有洞察力,古来,
蓄意破坏,处于情绪波动状态,另,
传唤到法院,独创性,另一个,
提出请求,实在,另一方面,
凹入地方,突破性进展,另外,
沉闷,前摄地,另悉,
未经许可,机会,另方面,
差额,使处于优势,另行,
建筑过多,革新,只,
敌意,被看好,只当,
无礼,仁慈,只怕,
赌,授与权力,只是,
无效率,革新,只有,
分裂,唤起,只消,
非难理由,实际,只要,
警告信息,溶解,只限,
关注点,积极,叫,
扰动,使光滑,叫做,
侵犯,名气,召开,
乱放,使高兴,叮咚,
制作不充分,称心如意东西,叮当,
未付款,可爱,可,
消耗,增长,可以,
慢吞吞地,震动,可好,
未报告,致意,可是,
拒绝购买,联盟,可能,
做错,精通,可见,
过早发生事物,生物实验室教育协会 ,各,
敏感性,担保,各个,
宽恕,梦想,各人,
疲软,无与伦比,各位,
不同,鼓舞人心,各地,
悲惨地,发出巨响,各式,
无法预料,投敌者,各种,
异常,好,各级,
无秩序地,改良,各自,
用某种燃料,鲜艳,合理,
违犯,利润,同,
悲剧地,知名人士,同一,
多余地,有发明才能,同时,
缺失,奖赏,同样,
违规或不雅行为, 费沃里特,后,
挽留事物,使有想法,后来,
不公平待遇,理想,后者,
无效率地,强劲,后面,
重新商议,稳定,向,
被损坏,大获成功人或事物,向使,
惊慌失措,构造上,向着,
轻描淡写,改变,吓,
老式,注定,吗,
对策,前进,否则,
无偏见地,有势力,吧,
困境,彻底改革,吧哒,
烦扰,人名,吱,
高压政治,获利地,呀,
无处不在,令人敬仰,呃,
审判前,宽恕,呆呆地,
生产过剩,完成,呐,
理发,盖印,呕,
有争议,传送,呗,
降价拍卖,令人满足,呜,
错误地,最适合地,呜呼,
尾矿,多面手,呢,
心烦意乱,异常,周围,
暗指,被保险人,呵,
夸大,憎恨,呵呵,
能造成损害,首次公演,呸,
不受劝告,可信赖,呼哧,
优先取舍权,勤勉,呼啦,
抵消,幻想,咋,
险峻,幸运地,和,
篡夺,不能相信,咚,
不利,效率,咦,
减记,启动,咧,
使尴尬,寻欢作乐,咱,
低切馏出物,增值,咱们,
放手,赎罪,咳,
坚定信仰,出色地,哇,
衰弱,活跃,哈,
桶板,满意,哈哈,
从根基处破坏,赚钱,哉,
为...辩护,有能力,哎,
批评,有把握得到,哎呀,
轻浮地,高兴,哎哟,
无人要买,发展,哗,
猜疑地,主要,哗啦,
高利贷,决定要做事,哟,
玷辱,慷慨行为,哦,
审核,健康成长,哩,
有异议,美丽,哪,
过于精心地建造,得益,哪个,
取代,赶入马房,哪些,
更正启事,收获,哪儿,
该责备,生活与教育改善协会 ,哪天,
范围,逐渐获得,哪年,
自卑,加大,哪怕,
胡乱操作,最受喜爱,哪样,
实力悬殊比赛,欣然地,哪边,
过度地,使钦佩,哪里,
倒塌,贵重物品,哼,
有缺点,妙计,哼唷,
禅让,排他性,唉,
不感兴趣,吸引人,唯有,
危机,帮助,啊,
不怀疑,坚强,啊呀,
违背,平滑地,啊哈,
错误传达,起作用,啊哟,
垄断者,成功人,啐,
淘汰,做梦,啥,
不稳定,走强,啦,
坦白,新颖,啪达,
使处于不利地位,典范,啷当,
基础薄弱,引人,喀,
为心理失常者而设,伤害,喂,
投机取巧,愉快地,喏,
使变淡,肯定地,喔唷,
网络攻击,推定,喽,
不墨守成规,均匀地,嗡,
解雇,最强壮,嗡嗡,
令人沮丧,长枕,嗬,
灾难性地,盛装,嗯,
污点,受益地,嗳,
凄凉,收复,嘎,
侵占,胜过,嘎嘎,
加重,赔偿,嘎登,
邪恶,高贵,嘘,
紧靠,差别,嘛,
不经济,容易些,嘻,
修理,凌驾,嘿,
不敬,确定,嘿嘿,
病倒,打赌者,四,
已被定罪,成绩,因,
阻塞, 鄱勒弥爱尔,因为,
说谎,更多地,因了,
定时,超群,因此,
痛苦原因,可喜,因着,
不随和,盟国,因而,
悲剧,正片,固,
评价过高,使前进,固然,
不景气,空想,在,
无心地,珀费克特,在下,
不信,主动地,在于,
埋怨,美德,地,
行为异常人,有助地,均,
罢免,接着,坚决,
不宜,突破,坚持,
针对,流行,基于,
自变数,流畅地,基本,
反驳,热忱,基本上,
默认,力气,处在,
阻碍,使稳固,处处,
无聊,效能,处理,
危难,领导能力,复杂,
使心烦,极美好人,多,
受害者,最后,多么,
使分裂,联姻,多亏,
限制, 温宁,多多,
从售货清单上删除,决心,多多少少,
剥夺,较早,多多益善,
删除,国际数字电子访问图书馆 ,多少,
辩论,洪亮,多年前,
伪造,获利,多年来,
异乎寻常地,使过得快活,多数,
过低之估价,回升,多次,
不合法,有图案玻璃,够瞧,
非法移民,有利条件,大,
用错地址,优于,大不了,
令人震惊,有创新精神,大举,
差劲,伟人们,大事,
赶出,外加,大体,
过载,促进,大体上,
自动转到,prep. 即使,大凡,
往下,排外者,大力,
拉紧,令人满意,大多,
重负,超常学生,大多数,
弄错,优势,大大,
驳倒,创意曲,大家,
偏私地,改进,大张旗鼓,
递减,极出色,大批,
悬置,赎罪,大抵,
变得严重,有报酬,大概,
妨碍性,可享利益,大略,
引起麻烦人,众多,大约,
活泼,透明度,大致,
命运,外加,大都,
悲剧,空前未有,大量,
处于不利地位,独家经营项目,大面儿上,
失谐,上级,失去,
妨碍,激动,奇,
反扑,足智多谋,奈,
改组,技能,奋勇,
剥削,获得授权,她,
言过其实,加固,她们,
宣告无效,垫枕,她是,
烦闷,报答,她,
无法回收,问候,好在,
很大程度上,到达,好,
不受欢迎,有效,好象,
使痛苦,方便地,如,
辞职,喜爱,如上,
仔细或彻底检查,鼓励,如上所述,
恶意地,可取,如下,
保守陈述,作解答,如今,
猜想,醒目,如何,
陡峭地,赞成,如其,
生产能力过剩,提前,如前所述,
审查,发明家签证,如同,
计算机超载运行,给人深刻印象,如常,
被告,可估价,如是,
使有偏见,胜过,如期,
不能协调,独出心裁,如果,
警戒哨,性感,如次,
不存在,幻灯片,如此,
半程,期望,如此等等,
嫌疑,鸣叫,如若,
未充分利用,效忠臣民,始而,
毁谤,牢固,姑且,
弄痛,巨大,存在,
使腐烂,减摇,存心,
引起不舒服,灌输革命信念,孰料,
无能地,主要优点,孰知,
终了,放大,宁,
伸长,增强功能,宁可,
短假,获胜,宁愿,
传讯,享有声望,宁肯,
彻底分割,特徵,它,
食肉,赢得,它们,
回收款,能干,它们,
放弃权利,创造力,它是,
闭锁,领导,它,
猛烈,多功能性,安全,
不准确,坚决,完全,
有条纹,获胜,定,
不正确地,确保,实际,
意外死亡事故,有益,宣布,
强加,保证,容易,
不熟练,使满意,对,
迟迟不结束,有前瞻性,对于,
撤消,伟大,对应,
不顾后果,授权给,对待,
歪曲,发动革命,对方,
负有法律责任,猛烈地,对比,
充分利用,强化,将,
误分类,支持,将才,
事故,最伟大,将要,
令人厌恶,解答,将近,
女士,例外地,小,
使蒙上阴影,使安定,少数,
不理会,特性,尔,
下跌,普莱曾特,尔后,
使警觉,有益于...,尔尔,
断断续续,巧妙,尔等,
未满足,最好地,尚且,
切断,忠实信徒,尤其,
贴假商标于,唯一地,就,
不安全,有才气,就地,
使复杂,独占,就是,
阻碍物,最有希望获胜者,就是了,
不愉快,丰富,就是说,
旧式,最高纪录,就此,
伤残,先行一步,就算,
超负荷,乐趣,就要,
衰退,酬谢,尽,
封闭,持久,尽可能,
编写,特征,尽如人意,
可耻地,巨大,尽心尽力,
突然传开,长者,尽心竭力,
耗尽,把拴在马厩,尽快,
惨败,勤奋地,尽早,
战胜,建设性,尽然,
原告起诉状,快乐,尽管,
不能废弃,充裕,尽管如此,
机能障碍,发明者,尽量,
激怒,更简单,局外,
让与,正数,居然,
拘留,吸引力,届时,
造谣中伤,称心如意,属于,
仔细考虑,教育性,屡,
向下,胜过别人,屡屡,
暴露,赢得比赛一分,屡次,
冗长,繁荣,屡次三番,
所谓,无匹敌,岂,
假造,风变强,岂但,
暗地里破坏,适当地,岂止,
无效,平静地,岂非,
延期偿还,发动机分析系统 ,川流不息,
难堪,勾结,左右,
事变,外貌像,巨大,
犯错,发明才能,巩固,
履行,未被超越,差不多,
丢脸,对比,己,
未成熟,使完美,已,
谎言,专有物,已矣,
不信奉国教,使成功,已经,
对簿法庭,无比,巴,
询问,迪利让,巴巴,
彻底废除,提供有用信息,带,
顽抗,满意,帮助,
比实际更显得,擅长,常,
逝去,改革者,常常,
抗议者,一帆风顺,常言说,
灾难,光荣,常言说得好,
嘱咐,喜欢,常言道,
浪费,痕迹,平素,
〈正式〉严禁,发明才能,年复一年,
让...离开,悉心照料,并,
劣势,弗兰德利,并且,
杂乱地,使优雅,并排,
使想起,完全地,并肩,
变慢,有影响,广大,
有牌不跟,最高程度地,广泛,
相反地,成功,应当,
无常,时机,应用,
关机,创造性地,应该,
篡权,令人鼓舞,庶乎,
不可预见性,履行,庶几,
粗心地,效率高地,开外,
消极地,决定性,开始,
忍受,协调,开展,
无人占领,急速发展,引起,
偏颇,创新者,弗,
垃圾邮件,昌盛,弹指之间,
被剥夺,预付款,强烈,
害怕,被赋予权力,强调,
劣质,印象深刻,归,
捆绑,提出,归根到底,
有空间,成就,归根结底,
不一致地,完成式,归齐,
逮捕,确信,当,
异化,技艺,当下,
破坏名誉,电子评估系统 ,当中,
做错,生效,当儿,
慢一点,长处,当前,
过分精心地录制,特点,当即,
工作不如预期,想要,当口儿,
情有可原,稳定,当地,
命中注定地,提高,当场,
失业人数,有深刻见解,当头,
修正,大人物,当庭,
廉洁,兴旺,当时,
丧气,优秀,当然,
提出理由,提高,当真,
极恶,阳性,当着,
紧急事,保险,形成,
不遵守,低沉洪亮,彻夜,
嫌弃,普及,彻底,
臣服,发展,彼,
不正确,提升,彼时,
不合规格,上市,彼此,
不实地,买入,往,
宽容,上涨,往往,
血缘,盈利,待,
惊慌,涨,待到,
使变得更坏,优势,很,
虚伪陈述,反弹,很多,
不成熟,涨停,很少,
轻视,赚,後来,
迟钝,强,後面,
声称,增持,得,
挫败,牛市,得了,
不牢靠,赚钱,得出,
辩论,恢复,得到,
失宠,不错,得天独厚,
卓越地,大涨,得起,
过时,加仓,心里,
无价值,复苏,必,
联合抵制,改善,必定,
不一致,回调,必将,
挪用,带动,必然,
不合礼仪,上行,必要,
不健全,修复,必须,
使瓦解,强势,快,
冗长费解,稳健,快要,
以贬抑口吻,回升,忽地,
驯服,牛,忽然,
使消根,涨价,怎,
不能租赁,更好,怎么,
已失败,向上,怎么办,
使腐坏,补充,怎么样,
嗜好,赢,怎奈,
不断恶化,做好,怎样,
破损量,拉升,怎麽,
不可能,良好,怪,
传审,激励,怪不得,
不完全,增强,总之,
萧条,促进,总是,
致命性,加,总来看,
不规则物,增,总来说,
廉价出售,翻倍,总说来,
坏掉,上调,总结,
临时记号,定增,总而言之,
失业率,潜力,恍然,
不适合,回暖,恰似,
挽留,认可,恰好,
不可靠地,发力,恰如,
宣告,强劲,恰巧,
免除,协同,恰恰,
身体不舒服,稳步,恰恰相反,
被断言,赎回,恰逢,
无报酬,暴涨,您,
令人困惑,快速增长,您们,
不一致,走强,您是,
虚伪地,企稳,惟其,
节奏鼓点,预增,惯常,
缺口,低吸,意思,
偿付,稳,愿意,
抑制,顶,慢说,
争吵,重磅,成为,
非稳定,缓解,成年,
迟,领涨,成年累月,
省去,引领,成心,
曲折,翻,我,
不胜任,牛股,我们,
牵制,好转,我是,
有压力,到位,我,
渡过,逆势,或,
小气,红,或则,
不能收回,持续增长,或多或少,
使对立,抓住,或是,
声讨,补仓,或曰,
据称地,示范,或者,
懵然不知,补,或许,
未泄露,买进,战斗,
有差别,风口,截然,
揭开,旺盛,截至,
不健康,均衡,所,
铁匠,低成本,所以,
被忽略,加油,所在,
不合适,加码,所幸,
干涉,聪明,所有,
小姐,美好,所谓,
脱帽致敬,攀升,才,
不放射性,得益于,才能,
遏止,强者,扑通,
价格下跌,涨超,打,
令人失望,好好,打从,
机会主义,升值,打开天窗说亮话,
阻断,优惠,扩大,
不正当行为,吉利,把,
有毛病,收涨,抑或,
放弃,更强,抽冷子,
突变,一流,拦腰,
害病,冲,拿,
胡乱操作,旺季,按,
表现不佳,补偿,按时,
不完备,胜利,按期,
混乱,优于,按照,
第二手,看多,按理,
使屈从,开门红,按说,
不牢固,吸引力,挨个,
难辨认,顶级,挨家挨户,
令人气馁,充裕,挨次,
受痛苦,可靠,挨着,
使无价值,涨到,挨门挨户,
专卖权,,挨门逐户,
不得已地,,换句话说,
说某人坏话,,换言之,
平躺,,据,
矛盾,,据实,
独占性,,据悉,
眺望,,据我所知,
伪证,,据此,
起因,,据称,
无被选资格,,据说,
使僵持,,掌握,
泛滥,,接下来,
严重地,,接着,
有辱人格,,接著,
反复袭击,,放量,
缓慢,,故,
不充分,,故意,
不整齐,,故此,
让步,,故而,
使承担义务,,敞开儿,
无法离开,,敢,
排除,,敢于,
注意力分散,,敢情,
婉拒,,数,
受贿,,整个,
摩擦,,断然,
不平,,方,
怀恨,,方便,
搭配不当,,方才,
排泄,,方能,
减稳,,方面,
临时解雇,,旁人,
假装,,无,
不规则行为,,无宁,
行骗,,无法,
揭去盖子,,无论,
不允许,,既,
不可调和地,,既...又,
使恼怒,,既往,
不适当,,既是,
挑剔,,既然,
意料之外,,日复一日,
论战,,日渐,
反垄断,,日益,
不可收回,,日臻,
不注意地,,日见,
使结束,,时候,
不相称,,昂然,
质疑,,是,
重申,,是不是,
违反,,是以,
错配,,是否,
提出质疑,,是,
诈骗,,显然,
使冒危险,,显著,
省略,,普通,
鲁莽地,,普遍,
不准确地,,更,
困惑,,曾,
延迟支付进口货款,,曾经,
断言,,替,
台盘限制区,,替代,
僵持,,最,
梁木,,最后,
禁止发表,,最大,
间歇性,,最好,
搞错了,,最後,
令人生畏,,最近,
不高兴,,有,
无法无天,,有些,
不公平,,有关,
反常事物,,有利,
给过量充电,,有力,
不到场,,有及,
引证,,有所,
离解作用,,有效,
关,,有时,
失职,,有点,
被移开状态,,有,
不吉利,,有是,
隔热材料,,有着,
梗阻,,有著,
令人快乐,,望,
品行不端,,朝,
不为人理解,,朝着,
使不利,,末,
诉苦,,本,
固执人,,本人,
强烈反应,,本地,
降级,,本着,
不合格品,,本身,
恶化,,权时,
蓄意毁坏,,来,
回合停顿,,来不及,
禁止地,,来得及,
掀翻,,来看,
在另外可能性没有发生情况下,,来着,
易发生,,来自,
传唤出庭,,来讲,
不良,,来说,
不会接受,,极,
紧缩,,极为,
紧张,,极了,
迟钝,,极其,
不赞成,,极力,
难懂地,,极大,
退回赃物,,果然,
不服从裁判,,果真,
放慢,,某,
裸露,,某个,
悲惨,,某些,
转让所有权,,某某,
不法行为,,根据,
无能力者,,根本,
在晚期,,格外,
超龄,,梆,
不幸,,概,
烦扰,,次第,
妨害物,,欢迎,
不合时宜地,,欤,
被责难,,正值,
拖累,,正在,
即在插入最后软木塞前,,正如,
反措施,,正巧,
威慑,,正常,
停止使用,,正是,
凶兆,,此,
偏见,,此中,
解散,,此后,
使人为难人或事物,,此地,
不做任何事,,此处,
减速,,此外,
不足工资,,此时,
折断,,此次,
崩溃,,此间,
不利条件,,殆,
插曲,,毋宁,
不许可,,每,
敲诈勒索,,每个,
关着,,每天,
不现实,,每年,
剽窃,,每当,
成问题,,每时每刻,
不泄露,,每每,
迟到,,每逢,
不适当地,,比,
使痛心,,比及,
繁重,,比如,
供奉,,比如说,
忽视,,比方,
不完全变化词,,比照,
不法地,,比起,
祈使,,比较,
落后时间,,毕竟,
索赔,,毫无例外,
详细检查,,毫无保留地,
讨厌事,,汝,
非计划中,,沙沙,
不必要,,没,
包围,,没奈何,
对不忠,,沿,
掺入次级品,,沿着,
公开大唱反调者,,注意,
关押,,活,
几乎不,,深入,
谨慎地,,满,
拖欠债务,,满足,
删去,,漫说,
反对者,,焉,
畏缩,,然,
默许,,然则,
重力,,然后,
罚物游戏,,然後,
减去,,然而,
使充电过度,,照,
逐渐损毁,,照着,
无事实根据,,牢牢,
弃权,,特别是,
骚乱,,特点,
被疏远,,犹且,
成为阻碍,,犹自,
进攻,,独,
硬拉硬拽,,独自,
退出,,率尔,
遭遇,,率然,
非法地,,现代,
底切,,现在,
最不利地,,理当,
虚伪陈述,,理该,
在之前行动,,瑟瑟,
动乱,,甚且,
不充分地,,甚么,
强烈建议,,甚或,
宣判,,甚而,
比预期早,,甚至,
过高估计,,甚至于,
清仓大甩卖,,用,
被罚下场,,用来,
恶意,,甫,
使延期,,甭,
令人泄气地,,由,
较便宜工资工作,,由于,
麻烦,,由是,
酬不抵劳,,由此,
不接受求婚,,由此可见,
无法理解,,略,
抛弃,,略为,
反对,,略加,
使困窘,,白,
不忠,,白白,
打扰,,,
欠款,,确,
使失去,,话,
减损,,皆可,
遍布地,,目前,
抵赖,,直到,
受到威胁,,直接,
牵扯,,相似,
早产儿,,相信,
注意力分散,,相同,
无资格,,相对而言,
降格,,相应,
冒险,,相当,
狡黠地,,相等,
推却,,省得,
规定应受处罚,,看,
不义,,看上去,
紧要关头,,看出,
蒙受,,看到,
不利地,,看来,
疑心,,看样子,
违反,,看看,
破损,,看见,
失去,,看起来,
压制品,,真是,
战争行动,,真正,
变好,,眨眼,
有病,,着,
过错,,着呢,
不发展,,矣,
更正,,矣乎,
切下,,矣哉,
社会地位低下,,知道,
不明智,,砰,
处理不当,,确定,
不忠诚,,碰巧,
旷工,,离,
暴动,,种,
认罪,,积极,
使意识到,,移动,
脱离,,究竟,
妨碍者,,穷年累月,
难吃,,突出,
失败者,,突然,
多付款项,,窃,
遗漏,,立,
警告,,立刻,
谬误,,立即,
对抗,,立地,
后果,,立时,
不匹配,,立马,
不能胜任地,,竟,
错误判断,,竟然,
看轻,,竟而,
剪裁,,第,
有障碍,,第二,
对峙,,等,
辩解,,等到,
不端行为,,等等,
保险不足,,简而言之,
最坏地,,简言之,
提出诉讼,,管,
共谋,,类如,
受到曲解,,精光,
变弱,,紧接着,
谎骗,,累年,
反对要求,,累次,
腐烂,,纯,
异常行为,,纵,
进行,,纵令,
责备,,纵使,
不能实行,,纵然,
把重担加于,,练习,
灾难性,,组成,
撞击,,经,
覆盖,,经过,
严重匮乏,,结合,
泄露,,给,
疲软,,绝,
被收回,,绝对,
中断,,绝非,
船载货量,,继之,
不再使用,,继后,
背弃,,继续,
在分娩中,,继而,
坏,,维持,
使推迟,,综上所述,
洗衣篮,,老,
不景气,,老大,
不公正行为,,老是,
减速,,考虑,
紧急,,者,
更坏,,而,
不令人满意,,而且,
使无兴趣,,而况,
对立,,而又,
不被允许,,而后,
行为失检,,而外,
反抗手段,,而已,
使受危困,,而是,
成见,,而言,
未察觉到,,而论,
知罪,,联系,
使失色,,联袂,
反复无常,,背靠背,
窘迫,,腾,
不许可,,自,
裂纹,,自个儿,
束缚,,自从,
有成见,,自各儿,
失职者,,自后,
痛苦,,自家,
失败,,自己,
下坡,,自打,
不同意,,自身,
指责,,臭,
不知道,,至,
不贞,,至于,
没收物,,至今,
意指,,至若,
催促,,致,
蚕食,,若,
未完成,,若夫,
发觉遗失,,若是,
早熟地,,若果,
失去,,范围,
归咎于,,莫不然,
令人不适,,莫如,
减价,,莫若,
抱怨,,藉以,
违规操作,,虽,
误报,,虽则,
机敏,,虽说,
行贿,,蛮,
假冒,,行为,
运作差于,,行动,
曲解,,表明,
赔款,,表示,
相互抵消,,被,
失效,,要,
机警地,,要么,
校订,,要是,
威慑,,要求,
割下,,见,
正式谴责,,觉得,
违法犯罪,,譬喻,
取销,,譬如,
失灵,,认为,
逐渐变干土地,,认识,
割下肉,,让,
松型,,论,
使钝化,,论说,
把束之高阁,,设使,
从高处能看到景色,,设或,
认真,,设若,
负有义务,,话说,
节制,,该,
揭示,,该当,
不符,,说明,
无耻,,说来,
不能原谅,,说说,
英勇事迹,,请勿,
滥用,,诸,
罪过,,诸位,
避重就轻地说,,诸如,
冒昧提出,,谁,
怀疑,,谁人,
原谅,,谁料,
复杂化,,谁知,
性情,,赖以,
违约,,赶,
证明有罪,,赶快,
胡乱管理,,赶早不赶晚,
不适宜,,起,
限度,,起先,
延时,,起初,
熏死,,起头,
重音,,起来,
谴责,,起见,
使承受压力,,起首,
生硬,,趁,
私生,,趁便,
逐渐损害,,趁势,
保留数,,趁早,
有缺陷,,趁机,
大恐慌,,趁热,
无意,,趁着,
缺乏职业道德,,越是,
敌手,,距,
弊端,,跟,
据说,,路经,
严厉,,转动,
难以忍受,,转变,
粗心,,转贴,
不活泼,,轰然,
收费过高,,较,
可接纳,,较为,
无法送达,,较之,
禁闭,,较比,
意外事件,,边,
咯吱作响,,达旦,
洗黑钱,,迄,
有缺陷人,,过,
使蒙羞,,过于,
脱离常轨,,过去,
治疗不当,,过来,
塌陷,,运用,
不公正地,,近,
绕行,,近几年来,
不符合要求,,近年来,
固执地,,近来,
无约束,,还,
不友好,,还是,
阴暗地,,还有,
专用地方选择销售税,,还要,
持异议,,这,
心脏病发作,,这一来,
刺耳地,,这个,
召集,,这么,
非存心地,,这么些,
预知,,这么样,
过高,,这么点儿,
过分,,这些,
非正规军人员,,这会儿,
不名誉,,这儿,
虚度,,这就是说,
犯罪活动,,这时,
恶毒,,这样,
危险地,,这次,
不稳定,,这点,
感到思念,,这种,
过多供应,,这般,
变得更坏,,这边,
结局,,这里,
不承诺,,这麽,
强迫,,进入,
忧虑,,进去,
强迫,,进来,
遮阴,,进而,
陷入僵局,,进行,
怨恨,,连,
剧烈,,连同,
不可预言事,,连声,
告解,,连日,
修正,,连日来,
中断之事,,连袂,
不知不觉地,,连连,
武力攻击,,迟早,
严酷,,迫于,
打破,,适当,
阻挠,,适用,
分裂,,逐步,
下级,,逐渐,
不合适,,通常,
将不受损害,,通过,
变态,,造成,
不安全,,逢,
拖延,,遇到,
离婚,,遭到,
晚,,遵循,
胁迫,,遵照,
受灾群众,,避免,
付得过多,,那,
严峻,,那个,
不幸地,,那么,
使退役,,那么些,
警报,,那么样,
漠不关心,,那些,
意外事故,,那会儿,
带错,,那儿,
不可预测性,,那时,
剥离资产行为,,那末,
坏人,,那样,
超限运动,,那般,
残疾者,,那边,
耐受性,,那里,
费力地,,那麽,
磨蹭,,部分,
证明...虚假,,都,
无私地,,鄙人,
垒块,,采取,
使分离,,里面,
易损性,,重新,
不可预见地（不能预料地,,鉴于,
变得僵硬,,长期以来,
倾陷了,,长此下去,
预先决定,,长线,
使困累,,间或,
陋习,,阿,
加剧,,附近,
衰减,,陈年,
无光泽,,除,
过期,,除了,
屯积,,除却,
厌弃,,除去,
虚弱,,除外,
将删除,,除开,
减退了,,除此,
为...斗争,,除此之外,
跛行,,除此以外,
警语,,除此而外,
裁员,,随,
看似,,随后,
烧伤,,随时,
俯卧,,随着,
凶恶,,随著,
乐曲,,隔夜,
因病而奉命退役,,隔日,
有理化,,难怪,
有缺陷,,难说,
轻蔑,,难道,
叛乱,,难道说,
次品,,零,
瓦解,,非常,
下坡地,,非徒,
闲置,,非得,
咒骂,,非特,
不能取消,,非独,
犹豫,,顷,
刺耳,,顷刻,
冒犯者,,顷刻之间,
想不到,,顷刻间,
无趣味,,顺,
不公正地对待,,顺着,
危机,,顿时,
出问题,,颇,
放错位置,,首先,
强制,,马上,
顺从,,默然,
极度不安,,齐,
罪犯,,︿,
刺耳,,！,
降等,,＃,
污染,,＄,
使中止,,％,
用尖桩围住,,＆,
局限性,,＇,
濒临灭绝,,（,
停顿,,）,
开除,,）÷（１－,
升高,,）,
使中断,,＊,
悬空,,＋,
未例外,,#NAME?,
更恶劣事,,＋＋,
结婚预告,,也,
沮丧,,－,
自然而然,,#NAME?,
掠夺,,－－,
翻倒,,－［＊］－,
抑制,,．,
游手好闲,,／,
有敌意地,,0,
详细检查,,0:02,
支配,,1,
关闭,,1,
使受耻辱,,12%,
不合法地,,2,
过分精细,,2.30%,
畏缩不前,,3,
不通,,4,
停止营业,,5,
禁令,,5:00,
伪造者,,6,
轻罪,,7,
资不抵债,,8,
暴跌,,9,
排水,,：,
在中掺入低劣杂质,,＜,
复杂,,＜±,
发生率,,＜Δ,
超载,,＜λ,
无法控制,,＜φ,
退役,,＜＜,
急剧地,,＝,
不讲道理,,#NAME?,
不忠实,,#NAME?,
顽皮,,＝（,
使悲痛,,＝－,
漂泊无定人,,＝［,
使衰竭,,＝｛,
被拒绝,,＞,
祈使语气,,＞λ,
不满意,,？,
掺假,,＠,
不规律地,,Ａ,
篡改,,ＬＩ,
冲压件,,Ｒ．Ｌ．,
使陷于危险,,ＺＸＦＩＴＬ,
遮断,,［,
不能认为是正当,,［①①］,
划减,,［①②］,
未实现,,［①③］,
遭受,,［①④］,
与病原体接触,,［①⑤］,
定价过高,,［①⑥］,
投诉,,［①⑦］,
粗鲁无理,,［①⑧］,
诱哄,,［①⑨］,
忧虑,,［①Ａ］,
麻木不仁,,［①Ｂ］,
使陷于混乱,,［①Ｃ］,
不再宠幸,,［①Ｄ］,
困扰,,［①Ｅ］,
缓缓而行,,［①］,
逐渐缩小,,［①ａ］,
流出,,［①ｃ］,
不合需要,,［①ｄ］,
伪造,,［①ｅ］,
强作,,［①ｆ］,
不胜任,,［①ｇ］,
不公正,,［①ｈ］,
所得报酬过低,,［①ｉ］,
缩小,,［①ｏ］,
使陷入圈套,,［②,
非现存,,［②①］,
反托拉斯,,［②②］,
不自觉地,,［②③］,
浪费地,,［②④,
弱点,,［②⑤］,
无效率,,［②⑥］,
使打消念头,,［②⑦］,
受异族统治,,［②⑧］,
反常地,,［②⑩］,
身份不明,,［②Ｂ］,
变软弱,,［②Ｇ］,
在超额建房,,［②］,
错怪,,［②ａ］,
过多,,［②ｂ］,
突然停下,,［②ｃ］,
行动迟缓,,［②ｄ］,
证实,,［②ｅ］,
停业,,［②ｆ］,
逆境,,［②ｇ］,
抱怨,,［②ｈ］,
无决断力,,［②ｉ］,
恣意放荡,,［②ｊ］,
异常,,［③①］,
不清楚地,,［③⑩］,
粗糙地,,［③Ｆ］,
伤心,,［③］,
被取代,,［③ａ］,
使拉紧,,［③ｂ］,
不便,,［③ｃ］,
不起作用,,［③ｄ］,
受损失,,［③ｅ］,
守势,,［③ｇ］,
为抬价囤积,,［③ｈ］,
失配,,［④］,
感情,,［④ａ］,
减慢,,［④ｂ］,
悬挂,,［④ｃ］,
依法进行,,［④ｄ］,
已警告,,［④ｅ］,
擦破,,［⑤］,
无罪释放,,［⑤］］,
被起诉,,［⑤ａ］,
赢得,,［⑤ｂ］,
堕落地,,［⑤ｄ］,
延迟,,［⑤ｅ］,
有裂纹,,［⑤ｆ］,
不良分子,,［⑥］,
悲痛,,［⑦］,
停滞,,［⑧］,
居心叵测地,,［⑨］,
不合道理,,［⑩］,
待完成事,,［＊］,
逐步上升,,［－,
不能和解,,［］,
忧郁,,］,
不真实,,］∧′＝［,
受处罚,,］［,
易受伤害,,＿,
失职,,ａ］,
落后,,ｂ］,
未纠正,,ｃ］,
忽略,,ｅ］,
封存,,ｆ］,
纠察队,,ｎｇ昉,
隶属,,｛,
弯曲地,,｛－,
重新考虑,,｜,
虚假,,｝,
易受伤害地,,｝＞,
可得分区域,,～,
不像看上去那么,,～±,
未还原,,～＋,
减产,,“,
复杂物体,,’,
阻止达成,,"""",
使配合不当,,，,
延滞,,?,
表明无关,,●,
使效率降低,,★,
逐出,,◆,
溢流,,,
没有香味,,,
安慰,,,
在发酵后将沉淀物从中去除,,,
细看,,,
过度负荷,,,
盖帽,,,
懒怠地,,,
要求给予,,,
费心,,,
废除,,,
使小心,,,
撒谎,,,
不合理地,,,
该罚地,,,
垫牌,,,
保险道,,,
不可逆,,,
猥亵,,,
在计划外,,,
无法预言地）,,,
使空转,,,
隐蔽,,,
无能,,,
防守,,,
可辩解,,,
传唤,,,
警戒,,,
勾结,,,
水和废水管理局响应网络,,,
鉴定,,,
选票复查,,,
轻佻,,,
推翻,,,
无人照管,,,
修订本,,,
查封,,,
严厉谴责,,,
流氓,,,
下流,,,
紧缩,,,
充公,,,
欺骗性,,,
消极,,,
必要事,,,
勉强,,,
偏差,,,
低迷时期,,,
让人发愁事,,,
拒付,,,
琐碎,,,
处置失当,,,
使丧失名誉,,,
非难,,,
嫌疑犯,,,
高估,,,
不切实际之事,,,
不受限制,,,
割破,,,
暴露,,,
扭伤,,,
广泛性,,,
欺骗,,,
封闭,,,
使沮丧,,,
拒绝参加,,,
使动摇,,,
使丧失能力,,,
用桩围住,,,
差错,,,
怠工,,,
极度,,,
愚昧地,,,
不能挽回地,,,
小错,,,
瘦弱,,,
重组结构,,,
不受怀疑,,,
延迟时间,,,
延期偿付,,,
否认,,,
弥补性收入,,,
镇压,,,
封港令,,,
激起,,,
无度地,,,
坚持说,,,
从下边削球,,,
衰退,,,
完全停止,,,
停滞,,,
球场障碍,,,
心情恶劣,,,
不利于经济发展因素,,,
夸大,,,
控制,,,
弯弯曲曲,,,
勉强同意,,,
不信奉国教,,,
不合时宜,,,
麻烦事,,,
无理由,,,
不能修补,,,
佯装,,,
违法,,,
消除,,,
伴随而来,,,
不规则,,,
人工地,,,
不精确,,,
拒绝支付或承兑,,,
有计划怠工,,,
灾害,,,
断供期,,,
不规则,,,
侵占公款犯,,,
欺骗性,,,
中心区空白,,,
不理解,,,
恳求,,,
难题,,,
蚀薄,,,
被捕,,,
逼叫,,,
不合宜,,,
损耗,,,
放血,,,
引起偏见,,,
犯,,,
借口,,,
被抑制,,,
搀假货,,,
垄断,,,
实行合理化,,,
逮住,,,
余波,,,
负数,,,
滞后,,,
争取赢得,,,
相交,,,
过于老化,,,
不毛,,,
机能失调,,,
报复,,,
丧失东西,,,
不动产上负担,,,
狼狈,,,
不会有市场,,,
不可预见,,,
薄弱环节,,,
磨损,,,
中断,,,
停止供应期,,,
未说明解释,,,
易变,,,
未达标,,,
狂暴,,,
危险物,,,
冒犯,,,
没有理由,,,
使失真,,,
敌意,,,
困难,,,
停工期,,,
使不均衡,,,
袭击,,,
校正,,,
取消抵押品赎回权法律手续,,,
管理不善,,,
歧视,,,
多付款,,,
作辩解,,,
缺乏决断力,,,
应受处罚,,,
拿不准,,,
不恰当,,,
投资不足,,,
不被接受,,,
不正直,,,
幽禁,,,
坏地,,,
用邪恶眼睛施魔法于,,,
被降级,,,
迫切地要求,,,
不公正,,,
萧条,,,
突然止步,,,
模拟板实验性电路板功能试验,,,
劝阻,,,
合理化,,,
再赋值,,,
传票,,,
经常无故缺席,,,
悲叹,,,
难懂,,,
表示怀疑,,,
开采,,,
缓慢地,,,
差异,,,
不正当,,,
拖延,,,
非流动性,,,
陈述案情,,,
加压,,,
延长部分,,,
离弃,,,
不诚实,,,
清仓处理,,,
蹂躏,,,
闯入,,,
无罪,,,
伪造罪,,,
受到危害,,,
隔断,,,
未能净得预期利润,,,
危险,,,
河道,,,
倒塌,,,
假装,,,
变得紧张,,,
不能接受地,,,
损害物,,,
无用地,,,
放纵,,,
不满,,,
僵局,,,
警觉,,,
生裂缝,,,
感染,,,
烦恼,,,
利用,,,
缺乏能力地,,,
暗中破坏,,,
保卫,,,
使超负荷,,,
伤口,,,
壮举,,,
非法劳工,,,
造假,,,
无力偿还债务者,,,
虚伪,,,
不幸事件,,,
不更新,,,
难实现,,,
贯彻,,,
变萧条,,,
未演过,,,
活动停止期间,,,
争辩,,,
未包括在某数目中,,,
使有裂缝,,,
要求,,,
破坏,,,
忌讳,,,
坐牢,,,
岩石覆盖,,,
可证明为正当,,,
无用,,,
不足额,,,
禁止离开,,,
缺乏,,,
升级,,,
阻碍者,,,
软弱,,,
砍口,,,
不友善地,,,
操作停止,,,
延迟,,,
使精疲力竭,,,
易变,,,
逐步上涨,,,
异常情况,,,
能力不足,,,
误解,,,
贬黜,,,
分裂性,,,
不幸,,,
回避,,,
掩盖,,,
狭窄,,,
欺诈地,,,
犯错误,,,
箝闭,,,
衰减,,,
公正无私,,,
回扣,,,
被击败,,,
无依无靠,,,
邪恶地,,,
受挫折,,,
有错误,,,
不够地,,,
未被发现,,,
浪费掉,,,
罪恶,,,
公正地,,,
非竞争性,,,
不良品,,,
削价销售,,,
未投递,,,
对面,,,
烟道总管,,,
难接近,,,
缓慢而吃力地行进,,,
押往监狱,,,
非正义,,,
使狂热,,,
无结果,,,
走上歧途,,,
精密地,,,
动荡局面,,,
迟滞,,,
惊人地,,,
受腐蚀,,,
急躁,,,
字迹模糊,,,
疲惫不堪,,,
填错日期,,,
伪造物,,,
夸大之词,,,
上海工程技术大学,,,
湍流,,,
无经验,,,
不恰当地,,,
使疏离,,,
处刑,,,
不工作,,,
一次连续得分,,,
离开轨道,,,
贬低,,,
粗心大意地,,,
延长,,,
停止,,,
故意地,,,
灰心,,,
网上欺凌,,,
驳回,,,
短缺,,,
心跳停止,,,
推托,,,
偷窃,,,
转弯抹角地,,,
下降,,,
失足,,,
坚持,,,
非常,,,
未恢复,,,
不实行,,,
降低,,,
使得到消遣,,,
过高估计,,,
难见到,,,
被控告,,,
拖地,,,
无效,,,
建造在...上面,,,
挥发性,,,
不受欢迎人,,,
发愁,,,
使担心,,,
内疚,,,
严重性,,,
被抛弃东西,,,
惰性,,,
把沉淀物从酒瓶中取出,,,
盗用,,,
不够关心,,,
吩咐,,,
最慢,,,
僵直,,,
机警,,,
令人生疑,,,
报答,,,
退步,,,
小规模,,,
贬低身份,,,
强行通过,,,
降级,,,
禁止,,,
下坡,,,
再次声明,,,
难使无效,,,
认真,,,
变节,,,
辱骂地,,,
约去,,,
风险,,,
被移交,,,
输,,,
毁坏,,,
被禁运,,,
不切实际,,,
毫无价值,,,
逃避,,,
对抗性,,,
功绩,,,
警示,,,
令人不快,,,
疑问句,,,
不顾,,,
垃圾,,,
离不开,,,
劳累,,,
间歇地,,,
拖欠,,,
省略了,,,
超曳现象,,,
裂开,,,
严肃,,,
落选,,,
撤销投资,,,
报偿,,,
令人生气,,,
反应不快,,,
未预见到,,,
无家可归,,,
有生命危险,,,
陷入,,,
关门,,,
精神错乱,,,
牛腰部下侧嫩肉,,,
诽谤,,,
易感动,,,
不曾预料到,,,
很有节制地陈述或表达,,,
好辩,,,
填错日期,,,
牺牲者,,,
极度,,,
缓慢消失,,,
不规则地,,,
丢脸人或事,,,
不能复原,,,
刑事,,,
拖沓,,,
过分重视,,,
不配地,,,
使不活动,,,
从单子上划去,,,
无理性,,,
预兆,,,
持不同政见者,,,
不合规格产品,,,
骚动,,,
判决,,,
朴素,,,
使扩大,,,
诽谤,,,
用尽,,,
垄断,,,
公司资产清理人,,,
违法者,,,
不需要,,,
软弱地,,,
分心,,,
对立,,,
弄错,,,
不顺利,,,
引入歧途,,,
禁止讨论,,,
旷课,,,
使重新占有,,,
悲痛,,,
恐吓,,,
未经筹划,,,
受伤处,,,
使从属,,,
根切,,,
诉讼当事人,,,
栅栏,,,
损毁物,,,
爆炸性,,,
减低,,,
操纵,,,
衰变,,,
错误地处理,,,
不适宜,,,
名声败坏,,,
残疾,,,
不按计划,,,
过度生产,,,
不忠地,,,
让人产生错误观念,,,
变态地,,,
不活动,,,
重赋值,,,
缩写式,,,
不舒服,,,
多管闲事,,,
投偏,,,
纯朴地,,,
有问题,,,
关上,,,
未结算,,,
咬住,,,
滥用地,,,
彻底地,,,
不知不觉,,,
击败,,,
不再付款,,,
更坏地,,,
无光泽,,,
回敬,,,
存留,,,
落入袋中,,,
混乱,,,
不喜欢,,,
选矿废渣,,,
错放,,,
己放弃,,,
已损坏表面,,,
污浊,,,
慢待,,,
被拘留,,,
行为不良人,,,
犯了罪地,,,
使丧失,,,
贬低,,,
最近,,,
使复杂化,,,
调和,,,
使过时,,,
疏远,,,
淡漠,,,
合理化,,,
顺从,,,
死,,,
留住,,,
不正确,,,
使震惊,,,
不可避免,,,
命令,,,
倒填日期,,,
往外舀水,,,
变态,,,
批评性地,,,
骗子,,,
礼品大篮子,,,
中伤,,,
互不相容人或事物,,,
刻意阻碍,,,
挖掘地基,,,
污染,,,
纠正,,,
解雇,,,
吊,,,
相互矛盾,,,
不赞成,,,
学习初次尝试,,,
反击,,,
凶兆,,,
逐渐削弱,,,
病人,,,
未听到,,,
没有事实根据,,,
减少,,,
勉强,,,
负,,,
脱离,,,
有伤风化,,,
伪誓,,,
断言者,,,
宣布放弃,,,
较弱,,,
威压,,,
被打断,,,
发牢骚,,,
满期,,,
不光彩,,,
毛病,,,
不按时,,,
过度生产,,,
已被判刑,,,
分散注意力,,,
起诉书,,,
延缓,,,
不美丽,,,
卡住,,,
非正规,,,
警示讯号,,,
拒绝者,,,
割断,,,
险恶,,,
定局,,,
追溯,,,
与离婚,,,
突然,,,
告诫,,,
蔑视,,,
驱使,,,
隐蔽,,,
撤销诉讼,,,
吃光,,,
算错,,,
想念,,,
延缓发作,,,
难闻气味,,,
谨慎,,,
使不满,,,
使窘迫,,,
清算,,,
辞职书,,,
腐化,,,
有分歧,,,
腐烂,,,
过度,,,
效率低,,,
攻击,,,
露体,,,
歪曲,,,
好争吵,,,
无感觉,,,
清理债务,,,
原告,,,
废弃物,,,
开口,,,
阴谋者,,,
控告,,,
滥用,,,
停顿,,,
折算,,,
穷苦,,,
违反者,,,
激烈,,,
冲突,,,
停工,,,
不光彩地,,,
使气馁,,,
电路超负荷,,,
有瑕疵,,,
有害,,,
未解决,,,
探究,,,
偷,,,
最不利,,,
勋绩,,,
网路犯罪,,,
辞去职务,,,
卖不掉,,,
盘问,,,
令人迷惑不解地,,,
宣判有罪,,,
后退,,,
香槟酒酿制过程中一道程序,,,
祭品,,,
点燃,,,
掉下,,,
使发生,,,
妨碍,,,
制止,,,
相反,,,
暴跌,,,
被误解,,,
超载,,,
已偿付,,,
使悬浮,,,
诋毁,,,
脱卸义务和责任,,,
没人住,,,
压低,,,
洗烫,,,
冷漠,,,
无效用,,,
出乎意料,,,
违背,,,
嘲笑,,,
非卖品,,,
挥发性,,,
违法行为,,,
众所公认,,,
便秘,,,
不准许,,,
未充分使用,,,
清偿,,,
沮丧,,,
争执,,,
干掉,,,
非难,,,
受伤害,,,
悬浮,,,
重罪,,,
误区,,,
不道德行为,,,
占领,,,
损坏外表,,,
终接,,,
令人遗憾,,,
拒绝给予,,,
难相处,,,
主张;宣称;陈词,,,
市势疲弱,,,
重组,,,
可能来临,,,
伪造品,,,
战斗,,,
恶劣地,,,
猥亵言语,,,
情节倒叙,,,
异议声明,,,
停靠站,,,
静负荷,,,
主词,,,
出现机能障碍,,,
异议,,,
在法庭相争,,,
效率低,,,
慢化,,,
充分意识到,,,
过老,,,
倚,,,
令人不满事物,,,
不能恢复地,,,
有理化,,,
可厌之事,,,
负荷,,,
不生产,,,
做坏事,,,
应变,,,
发生矛盾,,,
不果断,,,
侮辱,,,
悬挂,,,
单调,,,
落后,,,
阴性,,,
手动（manipulateing形式,,,
不适用,,,
虚弱地,,,
加重,,,
掩饰,,,
卖剩,,,
陈腐人,,,
损失,,,
粗心大意,,,
暴力,,,
混淆,,,
疲惫地去某处,,,
录制,,,
欺诈手段,,,
清仓抛售货物,,,
极为震惊,,,
必然,,,
保密,,,
防止,,,
详细审查,,,
行踪不明,,,
恐慌,,,
损伤外观,,,
根除,,,
难达到,,,
势在必行,,,
无秩序,,,
滑动,,,
定罪,,,
误释,,,
受损害,,,
弃权让步,,,
互联网上到处散布垃圾广告消息现象,,,
未确定,,,
打碎,,,
未缴纳,,,
不注意,,,
倒闭,,,
引错路,,,
苟延残喘,,,
大胆猜测,,,
困窘,,,
不定地,,,
不安,,,
使困惑,,,
未检测到,,,
误导,,,
破旧,,,
编造,,,
不悦,,,
年轻女子,,,
重讲,,,
大话,,,
反常现象,,,
傻姑娘,,,
可疑,,,
损害,,,
瞬断,,,
玩忽职守,,,
令人恼怒,,,
痛苦,,,
即将发生,,,
重新叙述,,,
羞怯,,,
迷惑,,,
不整齐地,,,
惹起,,,
下狱,,,
患病,,,
论据,,,
不切实际,,,
多余,,,
消去,,,
居先,,,
疑问,,,
警戒期,,,
迫使,,,
请求权,,,
昏倒,,,
不顾一切,,,
质询,,,
阻碍,,,
预先阻止,,,
容忍,,,
佯投,,,
停职,,,
牺牲,,,
献祭,,,
错误,,,
不适于出售,,,
废除,,,
早产,,,
变紧,,,
离开,,,
调解,,,
可责,,,
因不流动而变得污浊,,,
不充分陈述,,,
压抑,,,
有嫌疑,,,
可恶地,,,
伤害,,,
查抄,,,
警告,,,
困惑,,,
使分心,,,
赔偿,,,
凌驾,,,
软弱,,,
不为人喜,,,
坚持地,,,
沉闷地,,,
不礼貌,,,
附属,,,
疑心,,,
紧张,,,
使遭受,,,
警惕,,,
负责事,,,
腐坏,,,
竭力推,,,
受苦,,,
非法,,,
猛烈,,,
变坏,,,
估价过高,,,
恼怒,,,
使不适当地在一起,,,
倒转,,,
安抚,,,
使沉滞,,,
未经报道,,,
惹恼,,,
倾斜,,,
生产不足,,,
信用等级下降,,,
丧失抵押品赎回权,,,
短时熄火,,,
敌对,,,
非故意地,,,
威胁,,,
骚扰行为,,,
把某人降级或贬职,,,
最差,,,
使作废,,,
虚构,,,
伸展,,,
虚假,,,
赃物,,,
独占者,,,
拒绝理由,,,
遭拒绝,,,
惩罚性,,,
扣押,,,
不受欢迎求婚者,,,
变得激烈,,,
动乱,,,
站不住脚,,,
受挫,,,
不注意,,,
扰乱,,,
行动迟缓,,,
缓期,,,
动荡,,,
命令,,,
不顾后果,,,
放任,,,
滑移,,,
不适合,,,
重新评估,,,
不正确运转,,,
忏悔,,,
分散注意力,,,
发出预告,,,
使变小,,,
可憎,,,
口吃,,,
让渡,,,
使抱偏见,,,
滤过,,,
变得有缺陷,,,
裂口,,,
无掩蔽,,,
推迟,,,
故意,,,
不公平,,,
无意识,,,
预防,,,
令人担心,,,
责任,,,
使终止,,,
主旋律,,,
偏离,,,
使困苦,,,
吐出,,,
串通,,,
欺骗地,,,
检举,,,
判刑,,,
被逐出,,,
作虚伪叙述,,,
共谋,,,
无意地,,,
可被控告,,,
休息,,,
易受影响,,,
不可获得,,,
后方,,,
挑拨,,,
使倒塌,,,
损毁,,,
误导,,,
使...局促不安,,,
默认值,,,
错误消息,,,
敲诈,,,
受到挑战,,,
并发,,,
废止,,,
阴谋,,,
恐慌,,,
蓓蕾,,,
揭开盖子,,,
有病地,,,
使紧张,,,
旱灾灾情,,,
远眺,,,
攻击敌方阵地,,,
贫乏地,,,
诽谤性,,,
没有执照,,,
献祭,,,
严肃,,,
不成比例,,,
背信弃义,,,
断绝关系,,,
徒劳无功,,,
重物,,,
供认,,,
发生故障,,,
致命地,,,
无销路,,,
严厉地,,,
倾覆,,,
粗暴地对待,,,
低调,,,
占先一步,,,
疏忽地,,,
持批评态度,,,
严重,,,
非故意,,,
停下来,,,
无业游民,,,
托辞,,,
危险期,,,
裁减人数,,,
不可避免地,,,
离婚,,,
离婚判决,,,
卑鄙,,,
打乱,,,
笨重,,,
使感到灰心,,,
不经意地,,,
自重,,,
相持不下,,,
危及,,,
极限,,,
使转换为磁航向,,,
流产,,,
急性加重,,,
没有自信,,,
挫败,,,
周折,,,
桥牌,,,
脱离常规,,,
更恶化,,,
欺诈,,,
否定,,,
跛,,,
破坏生态平衡,,,
空洞,,,
矛盾,,,
恶作剧,,,
无效审判,,,
未送交,,,
不足信,,,
讨厌人,,,
行为不检,,,
不安,,,
高压,,,
不服从,,,
错误,,,
下等,,,
缺席,,,
弄翻,,,
不连续,,,
未经证实,,,
急迫,,,
胁迫,,,
拖着行走,,,
会引起反对,,,
周转,,,
执行纠察任务,,,
预置,,,
煽动,,,
无忧无虑,,,
动武,,,
未见到,,,
使不合格,,,
不诚实地,,,
操纵,,,
逗留,,,
扣留,,,
功能障碍,,,
轻率,,,
脾气坏,,,
使人沮丧地,,,
不能翻转,,,
掠夺成性,,,
悬浮,,,
救济,,,
不相容,,,
决断,,,
凶猛地,,,
受伤,,,
贸易禁运,,,
不再参与,,,
巧妙地处理,,,
专横,,,
苛刻,,,
使震动,,,
担任纠察,,,
无法维持,,,
可笑人或事,,,
疲惫焦虑,,,
破产,,,
退税,,,
消遣,,,
不能收回款项,,,
轻蔑,,,
内容提要,,,
可怜,,,
装货于,,,
进行诈骗,,,
坏名声,,,
冷待,,,
无用,,,
淫秽,,,
不容怀疑,,,
据称,,,
无缘无故地,,,
碰运气,,,
作证,,,
婉谢,,,
错误定性,,,
不及格,,,
黯然失色,,,
杓,,,
不等,,,
淫荡,,,
使无罪,,,
先发制人,,,
慢慢地,,,
巧妙处理,,,
故障停机时间,,,
瘸,,,
开火,,,
下降,,,
弱势团体,,,
无正式文件,,,
罚金,,,
冷淡,,,
遭破坏,,,
中心实体,,,
人工时效过度,,,
偿还,,,
揶揄,,,
丑陋,,,
临界点,,,
劝诫,,,
不复存在,,,
使逐步上升,,,
情绪激昂,,,
不能接受,,,
消失,,,
无益,,,
恶名昭彰,,,
使免罪,,,
过重负担,,,
受到挑衅,,,
无罪开释,,,
没有用,,,
全然,,,
怀疑地,,,
次要方面,,,
意图,,,
判断错误,,,
重新谈判,,,
衰落,,,
误差,,,
陡然地,,,
过分强调,,,
发展滞后,,,
难以获得,,,
报复,,,
泄气,,,
骚扰,,,
越轨,,,
有关破产,,,
腐败地,,,
向下,,,
意见不同,,,
激烈,,,
表达否认,,,
移交,,,
拖,,,
震撼,,,
不均衡,,,
滞止,,,
使降级,,,
延迟器,,,
严厉斥责,,,
处置,,,
迫近,,,
不熟练,,,
用手控制,,,
唐突,,,
分娩,,,
未覆盖,,,
过度产生,,,
意见不同,,,
损坏了,,,
少说,,,
逐步扩大,,,
使堕落,,,
明显地,,,
旷,,,
变得病弱,,,
腐败,,,
削减,,,
无反应,,,
令人为难,,,
免于伤害,,,
不得体,,,
赔偿金,,,
引起争论,,,
资金不足,,,
退市,,,
斜面,,,
冲销,,,
被判死刑,,,
有弱点,,,
遏制,,,
剥削,,,
批判,,,
强制力,,,
被毁,,,
坚持不懈,,,
说服,,,
紧迫,,,
可耻,,,
滞销,,,
使听从,,,
指控,,,
未兑,,,
生产供不应求,,,
货币伪造者,,,
幽禁,,,
不义地,,,
专利者,,,
专卖,,,
缩短,,,
错失,,,
不成比例地,,,
妨害,,,
征收,,,
烈性泻药,,,
控诉,,,
暴力,,,
拒签,,,
价格暴跌,,,
扭曲,,,
出价过高,,,
设备停开期,,,
细阅,,,
对立物,,,
不利,,,
固执,,,
难以推却,,,
反对派,,,
未占领,,,
装载过多,,,
不能变更,,,
畸变,,,
不承认,,,
不必要地,,,
被骗了,,,
弄空,,,
厌恶,,,
负面事物,,,
制止,,,
使承受,,,
渐渐渗入,,,
欺骗,,,
建造过多,,,
未履行,,,
非理智,,,
不充分陈述,,,
监禁,,,
受苦,,,
使变质,,,
不履行义务,,,
使精细,,,
竞赛,,,
虐待,,,
斗争,,,
船桥,,,
赝品,,,
阴沉,,,
流入大海,,,
前后矛盾,,,
不同意,,,
用词错误,,,
标准以下,,,
挤出,,,
鼓动,,,
解约,,,
不值钱,,,
处理,,,
使失效,,,
除酵母泥渣,,,
毁坏,,,
故障,,,
重新估价,,,
受控制帧,,,
过时,,,
令人惊愕,,,
再分配,,,
臣服,,,
钝化,,,
死路,,,
副作用,,,
使丢脸,,,
转让部分投资,,,
瞄错方向,,,
回收,,,
承认,,,
难获得,,,
不能持续,,,
不能废除,,,
侵蚀底基,,,
被迫放弃,,,
下滑,,,
落后于,,,
未建立,,,
违例佯投动作,,,
不情愿,,,
劝告,,,
更坏,,,
违犯,,,
压,,,
削弱,,,
不完全,,,
淫秽,,,
延误,,,
新股弱势,,,
搀加,,,
出清存货,,,
对抗,,,
终结,,,
断,,,
失踪,,,
堕落,,,
深思熟虑,,,
不能利用,,,
不成功,,,
无经验,,,
重读,,,
恼人,,,
魄力,,,
出轨,,,
不可恢复地,,,
拒绝,,,
受到妨碍状态,,,
不周到,,,
报废,,,
禁赛,,,
使滚下,,,
恳求,,,
非置信,,,
陈述;,,,
加压力于,,,
已故,,,
祈免,,,
使降职,,,
丑化,,,
超载量,,,
委屈,,,
恶化,,,
巴登巴登,,,
无所事事,,,
参数,,,
有保留陈述,,,
肮脏,,,
不能确定,,,
使疼痛,,,
欺诈,,,
不足数额,,,
反复出现,,,
磁阻,,,
不可靠,,,
白费,,,
不妥地,,,
未预料到,,,
过多供应,,,
寄托错,,,
不能得到,,,
关爱,,,
罐头猪肉,,,
故意为难,,,
鲁莽,,,
电力系统超负荷,,,
未经承认,,,
不小心,,,
被没收,,,
有争论,,,
低估,,,
品位降低,,,
出差错,,,
犹豫,,,
有裂纹,,,
贴错标签,,,
审问,,,
不希望有,,,
人工催熟,,,
不愿意,,,
怠忽,,,
证明有罪,,,
不正当地,,,
不负责任,,,
未击中,,,
过度充电,,,
规避,,,
非生产性,,,
缺少,,,
相差,,,
短暂风暴,,,
使减少,,,
误导地,,,
断绝,,,
扫兴,,,
萎陷,,,
怀柔,,,
打断,,,
使卷入,,,
分离,,,
更恶劣地,,,
高利,,,
像差,,,
无力偿还债务,,,
有疑问,,,
损害赔偿,,,
无竞争力,,,
侵入,,,
停止,,,
恐惧,,,
作废,,,
不能卖,,,
贫化,,,
使迷路,,,
发作,,,
不得志,,,
跛,,,
违法,,,
无私,,,
填充料,,,
保持秘密,,,
揭发,,,
使配错,,,
危险,,,
揭露,,,
禁止或限制贸易,,,
交出,,,
取消抵押品赎回权,,,
疏于照管,,,
有罪,,,
量刑,,,
理应获得,,,
否决权,,,
无保证,,,
分解,,,
追缴,,,
有罪,,,
免责声明,,,
罚款,,,
使合理化,,,
提醒,,,
激烈地,,,
侵蚀,,,
惊人,,,
对生产无直接关系,,,
兜售信息,,,
令人扫兴,,,
禁止,,,
意外,,,
临界,,,
阻止活动,,,
使偏离,,,
已辞职,,,
市况呆滞,,,
排斥,,,
超额建房,,,
拐弯抹角,,,
奢侈,,,
多疑,,,
畸变,,,
不情愿,,,
靠不住,,,
杀死,,,
糊涂,,,
不自然,,,
难捕捉之物,,,
坦白,,,
废弃,,,
使过度劳累,,,
强奸,,,
灾祸,,,
不相称,,,
扰乱,,,
未偿还,,,
雕过,,,
古怪人,,,
未修正,,,
妨碍拥有,,,
蓄意,,,
贪婪地吃喝,,,
废弃,,,
撤换,,,
违反规则,,,
保释人,,,
使沉溺于,,,
抵御,,,
重新获得,,,
不确定,,,
使为难,,,
误用,,,
侵袭,,,
失常,,,
消失了,,,
与众不同,,,
压力,,,
不正当,,,
不肯定,,,
撤回,,,
提供错误消息,,,
不用,,,
地形突变,,,
烧焦,,,
物体,,,
小看,,,
贬抑,,,
不节俭,,,
垮掉,,,
反对意见,,,
坚决表示,,,
空闲,,,
纠缠,,,
弥漫地,,,
检修好存置备用,,,
细骨料,,,
粗心大意,,,
诡计,,,
自卫,,,
公然地,,,
离婚男子,,,
囚犯,,,
刑罚,,,
使烦恼,,,
粗心,,,
缺乏能力,,,
犯罪,,,
无能力,,,
强制,,,
删节,,,
书面收据,,,
留下,,,
科目,,,
醉了,,,
清除,,,
恶行,,,
使产生错误想法,,,
打翻,,,
迷乱,,,
有道理,,,
感染,,,
大灾难,,,
智取,,,
密谋策划,,,
干扰,,,
使伤残,,,
令人不安,,,
逃亡者,,,
分离,,,
荒废,,,
麻烦,,,
不经济地,,,
逃脱,,,
恣意破坏他人财产行为,,,
危急,,,
狂热,,,
使曝光,,,
恼怒,,,
拒收,,,
无法收集,,,
渐渐破坏,,,
训练,,,
犯罪,,,
监禁,,,
切换画面,,,
昂贵,,,
掺入杂质,,,
失效,,,
任性固执地,,,
非决定性,,,
失业,,,
贫乏,,,
败坏,,,
被排除,,,
夸大其词,,,
取舍权,,,
慎重地,,,
非主要特性,,,
改正,,,
使疏远,,,
导致失败,,,
最坏,,,
荒废,,,
持异议者,,,
未售出,,,
感到有压力,,,
陡峭,,,
死者,,,
不足之处,,,
破灭,,,
昧着良心,,,
适时地,,,
不能胜任,,,
妨碍物,,,
使重新集中注意力,,,
不协调,,,
债权,,,
挑衅,,,
不可预知性,,,
不充分,,,
终止,,,
绝灭,,,
处于不利地位,,,
经过编辑,,,
夺取,,,
死锁,,,
失望,,,
介入,,,
不合格,,,
边界,,,
无被选资格,,,
机能不全,,,
碰撞,,,
可起诉,,,
标低价,,,
放射性尘降,,,
使破产,,,
无力地,,,
诉讼,,,
故意破坏他人财物罪,,,
精神失常,,,
被误解地,,,
冤情,,,
撤销,,,
无意中做,,,
关闭,,,
展览,,,
缓办,,,
坏事,,,
清理,,,
编辑,,,
待定,,,
商品过剩,,,
冷淡地对待,,,
不可剥夺,,,
脆弱点,,,
不能用,,,
不胜任地,,,
漏做,,,
体力不支,,,
估计过高,,,
判断错,,,
使迷惑,,,
偿付能力,,,
追逐,,,
不准,,,
拮据,,,
沉淀,,,
宣布作废,,,
不道德地,,,
延期,,,
意外地,,,
无条件,,,
未被利用,,,
召回,,,
不计较,,,
未通知,,,
盖销,,,
焦虑,,,
卑劣地,,,
暂时丢失,,,
诱发,,,
计算机罪犯,,,
毁掉,,,
发出警告,,,
被拆毁,,,
卧床分娩,,,
破烂不堪,,,
使超载,,,
俯瞰,,,
使潮湿,,,
商议,,,
阻碍剂,,,
灭活,,,
不适任,,,
监督,,,
重罪,,,
否定地,,,
不顺从,,,
在野党,,,
保释,,,
辱骂,,,
歪曲报道,,,
陷入经济困难,,,
紧急,,,
点球,,,
折叠,,,
粉末,,,
召集会议,,,
撕咬,,,
不能立即付现,,,
乱涂,,,
被剥夺,,,
疑有,,,
打扰,,,
骨折,,,
退让,,,
使不相宜,,,
恶习,,,
苛求,,,
溶解,,,
决定性时刻,,,
有修改,,,
令人讨厌,,,
桥,,,
可疑地,,,
敌方,,,
重述,,,
监视,,,
置换,,,
不满足,,,
谎言,,,
不正常,,,
踏错,,,
无偿地,,,
发球失误,,,
犯规,,,
加上外套,,,
从下部切开,,,
界线,,,
折磨,,,
无资格,,,
不可行,,,
众所周知,,,
令人失望地,,,
无信用,,,
被取消资格,,,
使不安,,,
无能力地,,,
焊端,,,
委托,,,
亵渎,,,
感官难受,,,
突然地,,,
结尾,,,
起诉,,,
竭力,,,
失业期,,,
死亡,,,
防护套,,,
网络犯罪,,,
不服从,,,
阴谋集团,,,
中伤,,,
腐蚀,,,
液化,,,
伤害话,,,
不可预知,,,
产权负担,,,
归咎,,,
失活,,,
打击沉重,,,
辱骂,,,
反常,,,
畸形,,,
过分地,,,
重新委派,,,
牵强附会,,,
缩小尺寸,,,
误述,,,
枯燥乏味,,,
无事实证明,,,
讨厌,,,
使不胜任,,,
超出限度,,,
过度运转,,,
转让,,,
使不能正常活动,,,
估计过高,,,
出乎意料地,,,
下流,,,
失调,,,
争辩,,,
超过额定界限,,,
弄坏,,,
预防,,,
受虐,,,
加负担于,,,
贪污,,,
反对地,,,
作罢,,,
未经当局许可,,,
损害,,,
艰难,,,
到处渗透,,,
掺假,,,
使脱去,,,
无效地,,,
过失,,,
作详细检查,,,
较慢,,,
猥亵,,,
分散,,,
对抗措施,,,
无功能,,,
临时记号,,,
设障碍,,,
减弱,,,
论证,,,
忙,,,
辩护不了,,,
宿命,,,
废料,,,
批评,,,
堵塞,,,
日益恶化,,,
平白地,,,
过早地,,,
懊恼,,,
记起,,,
底片,,,
障碍,,,
疏于照顾,,,
不纯,,,
对国教不遵循,,,
生病,,,
迟缓,,,
瓶颈,,,
取复,,,
庄重,,,
平反,,,
累赘,,,
以较小尺寸设计,,,
错误定价,,,
禁戒,,,
遗赠,,,
垃圾邮件制作者,,,
辩护,,,
提起反诉,,,
赦免,,,
关注者,,,
不参加,,,
唐突,,,
不夸张,,,
谎报,,,
弄乱,,,
怀敌意,,,
禁止或限制,,,
不够好,,,
继续存留,,,
有限制,,,
报应,,,
敲诈者,,,
不自然地,,,
合理地思考,,,
不受控制,,,
不够好地,,,
更差,,,
摧毁,,,
不能上市出售,,,
未收款,,,
同谋者,,,
失业,,,
未受医治,,,
逃避,,,
估计错误,,,
使有缺陷,,,
负担过重,,,
引以为戒,,,
酷似,,,
卑微,,,
蹒跚,,,
使萧条,,,
食篮,,,
失望,,,
贬值,,,
未被重视,,,
功能紊乱,,,
按,,,
事先审理,,,
严肃地,,,
变得死气沉沉,,,
非法行为,,,
瑕疵,,,
不公开,,,
休止状态,,,
贫穷地,,,
发信号,,,
逃亡,,,
网络罪犯,,,
使人尴尬,,,
唤出,,,
未付,,,
阻塞,,,
保释金,,,
不希望得到,,,
拆除,,,
浪费,,,
指责,,,
多载集合,,,
延伸,,,
异常现象,,,
退位,,,
刑法上,,,
疆界,,,
骗术,,,
未经批准,,,
重建,,,
回忆,,,
不出版,,,
使陷危地,,,
不名誉地,,,
最弱,,,
恐怕,,,
破产,,,
未被证明其正确,,,
夸张手法,,,
不合理,,,
裂缝,,,
析光差,,,
使关心,,,
资本不足,,,
顶触,,,
堕落,,,
易得病人,,,
使不再有利害关系,,,
摘牌,,,
发展滞后,,,
独占,,,
割成,,,
造成损害原因,,,
困难地,,,
不足,,,
爱争论,,,
失去产业,,,
修正法,,,
最近,,,
鲁莽,,,
灾难,,,
抨击,,,
惩罚,,,
暂时丢失,,,
徒劳,,,
匮乏,,,
打搅,,,
不诚实,,,
滤网,,,
使恶化,,,
缩小规模,,,
使遭到危险,,,
取消,,,
询问,,,
征用或扣押,,,
尴尬,,,
有过失,,,
配错,,,
累赘,,,
不能维持,,,
危急地,,,
通奸,,,
无价值,,,
不尊重,,,
检查,,,
拒绝接受,,,
降解,,,
收缩,,,
光行差,,,
失灵,,,
财产留置权,,,
使载重,,,
不理睬,,,
不可弥补地,,,
宾语,,,
负担过重,,,
机会主义地,,,
爱说谎,,,
点火,,,
有罪地,,,
无基金退休金计划,,,
不顾一切地,,,
急缓度,,,
露出,,,
事先未安排,,,
无理地,,,
缺乏,,,
密谋,,,
不正直地,,,
宣称,,,
损坏,,,
代价高,,,
无节制,,,
难处理,,,
伤害地,,,
反面,,,
使失望,,,
违法地,,,
拒付证书,,,
惨案,,,
拒绝跳跃,,,
决定性,,,
不和,,,
驱动器出错次数,,,
警惕,,,
毁灭,,,
不正常工作,,,
岩层中之小断层,,,
终止,,,
强调,,,
干旱,,,
新股偏弱现象,,,
抵触,,,
否定,,,
必要但又碍事船具,,,
抵制,,,
轻描淡写,,,
使变弱,,,
无覆盖,,,
普遍地,,,
失意,,,
依其申述,,,
剪短,,,
赤字,,,
困苦,,,
审判,,,
最坏时候,,,
晚,,,
停赛,,,
很难,,,
大跌,,,
缩量,,,
淡,,,
下降,,,
下跌,,,
跌,,,
卖出,,,
亏损,,,
下滑,,,
降低,,,
卖,,,
跌幅,,,
跑,,,
大跌,,,
下行,,,
最低,,,
回落,,,
负债,,,
底部,,,
冲击,,,
跌停,,,
差,,,
减仓,,,
清仓,,,
暴跌,,,
减值,,,
亏,,,
需谨慎,,,
下调,,,
担心,,,
退市,,,
韭菜,,,
通胀,,,
止损,,,
缺口,,,
踩,,,
不良贷款,,,
取消,,,
低点,,,
割肉,,,
死,,,
高估,,,
熊市,,,
恐慌,,,
破产,,,
违法,,,
低迷,,,
套,,,
向下,,,
怕,,,
错,,,
傻,,,
违约,,,
停牌,,,
抛,,,
逾期,,,
杀跌,,,
新低,,,
收窄,,,
被套,,,
卖掉,,,
亏了,,,
打击,,,
跳水,,,
拖累,,,
腰斩,,,
异动,,,
跌到,,,
偏低,,,
过度,,,
异常,,,
打压,,,
涉嫌,,,
看空,,,
淘汰,,,
不利,,,
离场,,,
负面,,,
造假,,,
困境,,,
坑,,,
出局,,,
止盈,,,
不涨,,,
恶化,,,
做空,,,
萎缩,,,
过剩,,,
减弱,,,
负增长,,,
